{
  "hands": 1000000,
  "bankroll_change": 1506.0,
  "ev_per_hand": 0.001506,
  "ev_95%_CI": [
    -0.003218971818463216,
    0.006230971818463216
  ],
  "avg_bet": 1.857622,
  "roi_per_hand": 0.0008107139127335916,
  "win_rate": 0.417784,
  "loss_rate": 0.496621,
  "push_rate": 0.085595
}