{
  "hands": 1000000,
  "bankroll_change": -19637.0,
  "ev_per_hand": -0.019637,
  "ev_95%_CI": [
    -0.021518855507526646,
    -0.017755144492473358
  ],
  "avg_bet": 1.0,
  "roi_per_hand": -0.019637,
  "win_rate": 0.41965,
  "loss_rate": 0.494607,
  "push_rate": 0.085743
}