{
  "hands": 1000000,
  "bankroll_change": -23921.5,
  "ev_per_hand": -0.0239215,
  "ev_95%_CI": [
    -0.026058918149177233,
    -0.021784081850822763
  ],
  "avg_bet": 1.0,
  "roi_per_hand": -0.0239215,
  "win_rate": 0.403834,
  "loss_rate": 0.516224,
  "push_rate": 0.079942
}