{
  "hands": 1000000,
  "bankroll_change": -3341.5,
  "ev_per_hand": -0.0033415,
  "ev_95%_CI": [
    -0.008089315074272959,
    0.0014063150742729593
  ],
  "avg_bet": 1.866463,
  "roi_per_hand": -0.0017902846185539171,
  "win_rate": 0.41495,
  "loss_rate": 0.499915,
  "push_rate": 0.085135
}