{
  "hands": 1000000,
  "bankroll_change": -9693.5,
  "ev_per_hand": -0.0096935,
  "ev_95%_CI": [
    -0.011723538583272767,
    -0.007663461416727234
  ],
  "avg_bet": 1.0,
  "roi_per_hand": -0.0096935,
  "win_rate": 0.417693,
  "loss_rate": 0.497057,
  "push_rate": 0.08525
}