{
  "hands": 1000000,
  "bankroll_change": -21915.5,
  "ev_per_hand": -0.0219155,
  "ev_95%_CI": [
    -0.02378684880949148,
    -0.020044151190508522
  ],
  "avg_bet": 1.0,
  "roi_per_hand": -0.0219155,
  "win_rate": 0.415531,
  "loss_rate": 0.500184,
  "push_rate": 0.084285
}