{
  "hands": 1000000,
  "bankroll_change": -7156.0,
  "ev_per_hand": -0.007156,
  "ev_95%_CI": [
    -0.009170601470235617,
    -0.0051413985297643836
  ],
  "avg_bet": 1.0,
  "roi_per_hand": -0.007156,
  "win_rate": 0.421017,
  "loss_rate": 0.492982,
  "push_rate": 0.086001
}