{
  "hands": 1000000,
  "bankroll_change": -7906.0,
  "ev_per_hand": -0.007906,
  "ev_95%_CI": [
    -0.010738427922908182,
    -0.0050735720770918175
  ],
  "avg_bet": 1.216387,
  "roi_per_hand": -0.006499576203954826,
  "win_rate": 0.417046,
  "loss_rate": 0.497435,
  "push_rate": 0.085519
}