{
  "hands": 1000000,
  "bankroll_change": -4016.0,
  "ev_per_hand": -0.004016,
  "ev_95%_CI": [
    -0.007509834035750413,
    -0.0005221659642495862
  ],
  "avg_bet": 1.400101,
  "roi_per_hand": -0.002868364496561319,
  "win_rate": 0.415292,
  "loss_rate": 0.499864,
  "push_rate": 0.084844
}