{
  "hands": 1000000,
  "bankroll_change": -48756.5,
  "ev_per_hand": -0.0487565,
  "ev_95%_CI": [
    -0.050971279038814,
    -0.046541720961186
  ],
  "avg_bet": 1.0,
  "roi_per_hand": -0.0487565,
  "win_rate": 0.393279,
  "loss_rate": 0.53236,
  "push_rate": 0.074361
}