{
  "hands": 1000000,
  "bankroll_change": -8454.0,
  "ev_per_hand": -0.008454,
  "ev_95%_CI": [
    -0.010491069602260792,
    -0.006416930397739208
  ],
  "avg_bet": 1.0,
  "roi_per_hand": -0.008454,
  "win_rate": 0.416356,
  "loss_rate": 0.498924,
  "push_rate": 0.08472
}