{
  "hands": 1000000,
  "bankroll_change": -1918.0,
  "ev_per_hand": -0.001918,
  "ev_95%_CI": [
    -0.005348095413682894,
    0.0015120954136828946
  ],
  "avg_bet": 1.394454,
  "roi_per_hand": -0.0013754487419448758,
  "win_rate": 0.418191,
  "loss_rate": 0.49625,
  "push_rate": 0.085559
}