{
  "hands": 1000000,
  "bankroll_change": 606.0,
  "ev_per_hand": 0.000606,
  "ev_95%_CI": [
    -0.0025678097016510306,
    0.003779809701651031
  ],
  "avg_bet": 1.322065,
  "roi_per_hand": 0.0004583738318463918,
  "win_rate": 0.417437,
  "loss_rate": 0.496802,
  "push_rate": 0.085761
}