{
  "hands": 1000000,
  "bankroll_change": -1392.0,
  "ev_per_hand": -0.001392,
  "ev_95%_CI": [
    -0.0053123430158800306,
    0.0025283430158800305
  ],
  "avg_bet": 1.505912,
  "roi_per_hand": -0.0009243568017254661,
  "win_rate": 0.418843,
  "loss_rate": 0.497086,
  "push_rate": 0.084071
}