{
  "hands": 1000000,
  "bankroll_change": -17767.5,
  "ev_per_hand": -0.0177675,
  "ev_95%_CI": [
    -0.01965102990573933,
    -0.015883970094260666
  ],
  "avg_bet": 1.0,
  "roi_per_hand": -0.0177675,
  "win_rate": 0.421077,
  "loss_rate": 0.493235,
  "push_rate": 0.085688
}