{
  "hands": 1000000,
  "bankroll_change": 853.5,
  "ev_per_hand": 0.0008535,
  "ev_95%_CI": [
    -0.003887386057388432,
    0.005594386057388432
  ],
  "avg_bet": 1.85911,
  "roi_per_hand": 0.0004590906401450156,
  "win_rate": 0.417405,
  "loss_rate": 0.497613,
  "push_rate": 0.084982
}