{
  "hands": 1000000,
  "bankroll_change": 463.5,
  "ev_per_hand": 0.0004635,
  "ev_95%_CI": [
    -0.004252819139282948,
    0.0051798191392829485
  ],
  "avg_bet": 1.851844,
  "roi_per_hand": 0.00025029106123409964,
  "win_rate": 0.418368,
  "loss_rate": 0.496135,
  "push_rate": 0.085497
}