{
  "hands": 1000000,
  "bankroll_change": -6747.5,
  "ev_per_hand": -0.0067475,
  "ev_95%_CI": [
    -0.008789526831705101,
    -0.004705473168294899
  ],
  "avg_bet": 1.0,
  "roi_per_hand": -0.0067475,
  "win_rate": 0.418154,
  "loss_rate": 0.49624,
  "push_rate": 0.085606
}