{
  "hands": 1000000,
  "bankroll_change": -1495.0,
  "ev_per_hand": -0.001495,
  "ev_95%_CI": [
    -0.00621234706317982,
    0.0032223470631798203
  ],
  "avg_bet": 1.854208,
  "roi_per_hand": -0.0008062741612591467,
  "win_rate": 0.415468,
  "loss_rate": 0.499161,
  "push_rate": 0.085371
}