{
  "hands": 1000000,
  "bankroll_change": -7408.0,
  "ev_per_hand": -0.007408,
  "ev_95%_CI": [
    -0.009596476588570798,
    -0.005219523411429202
  ],
  "avg_bet": 1.044418,
  "roi_per_hand": -0.007092945544791452,
  "win_rate": 0.41558,
  "loss_rate": 0.499408,
  "push_rate": 0.085012
}