{
  "hands": 1000000,
  "bankroll_change": -6901.0,
  "ev_per_hand": -0.006901,
  "ev_95%_CI": [
    -0.00895785259244523,
    -0.0048441474075547695
  ],
  "avg_bet": 1.0,
  "roi_per_hand": -0.006901,
  "win_rate": 0.417538,
  "loss_rate": 0.49683,
  "push_rate": 0.085632
}