{
  "hands": 1000000,
  "bankroll_change": -6820.0,
  "ev_per_hand": -0.00682,
  "ev_95%_CI": [
    -0.009865687637263108,
    -0.00377431236273689
  ],
  "avg_bet": 1.265165,
  "roi_per_hand": -0.005390601225927052,
  "win_rate": 0.418638,
  "loss_rate": 0.496288,
  "push_rate": 0.085074
}