{
  "hands": 1000000,
  "bankroll_change": -2168.0,
  "ev_per_hand": -0.002168,
  "ev_95%_CI": [
    -0.0069148244795823365,
    0.002578824479582337
  ],
  "avg_bet": 1.866169,
  "roi_per_hand": -0.0011617382991572574,
  "win_rate": 0.418046,
  "loss_rate": 0.496859,
  "push_rate": 0.085095
}