{
  "hands": 1000000,
  "bankroll_change": 224.0,
  "ev_per_hand": 0.000224,
  "ev_95%_CI": [
    -0.003881267297468395,
    0.004329267297468395
  ],
  "avg_bet": 1.633447,
  "roi_per_hand": 0.00013713331378367342,
  "win_rate": 0.418032,
  "loss_rate": 0.496742,
  "push_rate": 0.085226
}