{
  "hands": 1000000,
  "bankroll_change": -19354.5,
  "ev_per_hand": -0.0193545,
  "ev_95%_CI": [
    -0.02155680349569996,
    -0.01715219650430004
  ],
  "avg_bet": 1.07084,
  "roi_per_hand": -0.01807412872137761,
  "win_rate": 0.433546,
  "loss_rate": 0.475832,
  "push_rate": 0.090622
}