{
  "hands": 1000000,
  "bankroll_change": -4447.0,
  "ev_per_hand": -0.004447,
  "ev_95%_CI": [
    -0.009168053967579986,
    0.0002740539675799847
  ],
  "avg_bet": 1.851019,
  "roi_per_hand": -0.0024024604825774345,
  "win_rate": 0.419024,
  "loss_rate": 0.497162,
  "push_rate": 0.083814
}