{
  "hands": 1000000,
  "bankroll_change": -12446.5,
  "ev_per_hand": -0.0124465,
  "ev_95%_CI": [
    -0.014550981478746408,
    -0.01034201852125359
  ],
  "avg_bet": 1.0,
  "roi_per_hand": -0.0124465,
  "win_rate": 0.412125,
  "loss_rate": 0.503875,
  "push_rate": 0.084
}