{
  "hands": 1000000,
  "bankroll_change": -9396.0,
  "ev_per_hand": -0.009396,
  "ev_95%_CI": [
    -0.011415172248152054,
    -0.007376827751847946
  ],
  "avg_bet": 1.0,
  "roi_per_hand": -0.009396,
  "win_rate": 0.417569,
  "loss_rate": 0.496851,
  "push_rate": 0.08558
}