{
  "hands": 1000000,
  "bankroll_change": -1956.0,
  "ev_per_hand": -0.001956,
  "ev_95%_CI": [
    -0.0067621464845474995,
    0.0028501464845475002
  ],
  "avg_bet": 1.854976,
  "roi_per_hand": -0.0010544610819762626,
  "win_rate": 0.418384,
  "loss_rate": 0.497633,
  "push_rate": 0.083983
}