{
  "hands": 1000000,
  "bankroll_change": -17705.5,
  "ev_per_hand": -0.0177055,
  "ev_95%_CI": [
    -0.019665820204128798,
    -0.0157451797958712
  ],
  "avg_bet": 1.018117,
  "roi_per_hand": -0.017390437444812334,
  "win_rate": 0.421186,
  "loss_rate": 0.493117,
  "push_rate": 0.085697
}